{
  "n_trials": 8,
  "conditions": {
    "baseline": {
      "mean_recall": 0.7979,
      "ci_95_lo": 0.7271,
      "ci_95_hi": 0.8688,
      "n_trials": 8,
      "raw": [
        0.9166666666666667,
        0.7,
        0.875,
        0.7,
        0.875,
        0.7,
        0.9166666666666667,
        0.7
      ]
    },
    "naive_window": {
      "mean_recall": 0.8281,
      "ci_95_lo": 0.776,
      "ci_95_hi": 0.875,
      "n_trials": 8,
      "raw": [
        0.7083333333333334,
        0.875,
        0.875,
        0.875,
        0.7083333333333334,
        0.8333333333333333,
        0.9166666666666667,
        0.8333333333333333
      ]
    },
    "cams": {
      "mean_recall": 0.775,
      "ci_95_lo": 0.7229,
      "ci_95_hi": 0.8313,
      "n_trials": 8,
      "raw": [
        0.8666666666666667,
        0.875,
        0.7083333333333334,
        0.875,
        0.6666666666666666,
        0.75,
        0.75,
        0.7083333333333334
      ]
    }
  },
  "cams_vs_naive_significant": false
}